Marca temporal,1. Identifique la entidad a la que corresponde: ,2. Seleccione una sola opción dependiendo cual sea el cargo al que pertenece: ,"3. Por favor, indique su nombre completo: ",1. Selección. Seleccione con quiénes de las oficinas del sector usted o su equipo de trabajo tiene relación: ,2B. Definición de asuntos. Indique qué asuntos atiende con la oficina de representación del Registro Agrario Nacional (RAN) de su entidad: ,2A. Definición de asuntos. Indique qué asuntos atiende con la oficina de representación de la Procuraduría Agraria (PA) de su entidad: ,2C. Definición de asuntos. Indique qué asuntos atiende con la delegación del Instituto Nacional de Suelo Sustentable (INSUS) de su entidad: ,2D. Definición de asuntos. Indique qué asuntos atiende con la oficina de representación de la Comisión Nacional de Vivienda (CONAVI) de su entidad: ,3A. Apertura de Oficinas. Seleccione la respuesta que considere es la que mejor describe la situación de apertura de las oficinas en este último mes:  [OR del RAN],3A. Apertura de Oficinas. Seleccione la respuesta que considere es la que mejor describe la situación de apertura de las oficinas en este último mes:  [OR de la PA],3A. Apertura de Oficinas. Seleccione la respuesta que considere es la que mejor describe la situación de apertura de las oficinas en este último mes:  [Delegación estatal del INSUS],3A. Apertura de Oficinas. Seleccione la respuesta que considere es la que mejor describe la situación de apertura de las oficinas en este último mes:  [Oficina estatal de la CONAVI],3B. Comunicación con las Oficinas. Seleccione la respuesta que considere es la que mejor describe las condiciones de su interacción con las oficinas de este último mes:  [OR del RAN],3B. Comunicación con las Oficinas. Seleccione la respuesta que considere es la que mejor describe las condiciones de su interacción con las oficinas de este último mes:  [OR de la PA],3B. Comunicación con las Oficinas. Seleccione la respuesta que considere es la que mejor describe las condiciones de su interacción con las oficinas de este último mes:  [Delegación estatal del INSUS],3B. Comunicación con las Oficinas. Seleccione la respuesta que considere es la que mejor describe las condiciones de su interacción con las oficinas de este último mes:  [Oficina estatal de la CONAVI],4A.  Atención a las Oficinas. Seleccione la respuesta que considere es la que mejor describe la situación de atención de asuntos propios de las Oficinas de Representación en este último mes:  [OR del RAN],4A.  Atención a las Oficinas. Seleccione la respuesta que considere es la que mejor describe la situación de atención de asuntos propios de las Oficinas de Representación en este último mes:  [OR de la PA],4A.  Atención a las Oficinas. Seleccione la respuesta que considere es la que mejor describe la situación de atención de asuntos propios de las Oficinas de Representación en este último mes:  [Delegación estatal del INSUS],4A.  Atención a las Oficinas. Seleccione la respuesta que considere es la que mejor describe la situación de atención de asuntos propios de las Oficinas de Representación en este último mes:  [Oficina estatal de la CONAVI],4B.  Atención al público. Seleccione la respuesta que considere es la que mejor describe la situación de atención al público por parte de las oficinas en este último mes:  [OR del RAN],4B.  Atención al público. Seleccione la respuesta que considere es la que mejor describe la situación de atención al público por parte de las oficinas en este último mes:  [OR de la PA],4B.  Atención al público. Seleccione la respuesta que considere es la que mejor describe la situación de atención al público por parte de las oficinas en este último mes:  [Delegación estatal del INSUS],4B.  Atención al público. Seleccione la respuesta que considere es la que mejor describe la situación de atención al público por parte de las oficinas en este último mes:  [Oficina estatal de la CONAVI],5. Percepción del desempeño. Seleccione la respuesta que considere es la que mejor describe el desempeño de las oficinas en este último mes:  [OR del RAN],5. Percepción del desempeño. Seleccione la respuesta que considere es la que mejor describe el desempeño de las oficinas en este último mes:  [OR de la PA],5. Percepción del desempeño. Seleccione la respuesta que considere es la que mejor describe el desempeño de las oficinas en este último mes:  [Delegación estatal del INSUS],5. Percepción del desempeño. Seleccione la respuesta que considere es la que mejor describe el desempeño de las oficinas en este último mes:  [Oficina estatal de la CONAVI],6. Percepción de colaboración. Seleccione la respuesta que considere es la que mejor describe la disposición de trabajo colaborativo y coordinación entre ustedes y las oficinas en este último mes:  [OR del RAN],6. Percepción de colaboración. Seleccione la respuesta que considere es la que mejor describe la disposición de trabajo colaborativo y coordinación entre ustedes y las oficinas en este último mes:  [OR de la PA ],6. Percepción de colaboración. Seleccione la respuesta que considere es la que mejor describe la disposición de trabajo colaborativo y coordinación entre ustedes y las oficinas en este último mes:  [Delegación estatal del INSUS],6. Percepción de colaboración. Seleccione la respuesta que considere es la que mejor describe la disposición de trabajo colaborativo y coordinación entre ustedes y las oficinas en este último mes:  [Oficina estatal de la CONAVI],7. Conocimiento sobre vicios. Marque alguna de las siguientes respuestas si ha escuchado que se suscitan alguna de las siguientes conductas por parte de las oficinas:   [OR del RAN],7. Conocimiento sobre vicios. Marque alguna de las siguientes respuestas si ha escuchado que se suscitan alguna de las siguientes conductas por parte de las oficinas:   [OR de la PA],7. Conocimiento sobre vicios. Marque alguna de las siguientes respuestas si ha escuchado que se suscitan alguna de las siguientes conductas por parte de las oficinas:   [Delegación estatal del INSUS],7. Conocimiento sobre vicios. Marque alguna de las siguientes respuestas si ha escuchado que se suscitan alguna de las siguientes conductas por parte de las oficinas:   [Oficina estatal de la CONAVI],Observaciones. Anote si usted tiene observaciones sobre conocimiento de vicios u otro elemento no incorporado dentro de este formulario. 
21/9/2021 13:05:56,Aguascalientes,Titular de la Oficina de Representación,Marisa Aideé Luján Gómez,"Oficina de Representación del Registro Agrario Nacional, Oficina de Representación de la Procuraduría Agraria, Delegación estatal del Instituto Nacional del Suelo Sustentable","TTI, excedencias, investigación y localización de predios, regularización, titulación, consulta de información registral, bancos del bienestar y mesa agraria","Agenda agraria en el estado, conflictos agrarios, regularización de reservas de crecimiento, bancos del bienestar y mesa agraria.","Regularización y titulación de lotes, estrategias de autorización de fraccionamientos por regularización, mesa agraria ",,Cierran frecuentemente,Están abiertas y en operación continua,Están abiertas y en operación continua,No aplica,Regular,"Fácil, pronta y eficaz","Fácil, pronta y eficaz",No aplica,Atención parcial,Atención permanente,Atención permanente,No aplica,Atención solo con cita,Atención permanente en horario de oficina,Atención permanente en horario de oficina,No aplica,Regular,Bueno,Regular,No aplica,Reactiva tras varias solicitudes,Responsiva tras la solicitud,Voluntad de colaboración y coordinación,No aplica,"Uso de intermediarios para la agenda de citas, Uso de intermediarios para la atención de trámites",Uso de intermediarios para la atención de trámites,"Cobro para la atención de trámites, Cobro para gestionar servicios",,El Registro Agrario no siempre brinda información solicitada de manera institucional y limita la atención a cierto número de trámites por mes o semana y cambia constantemente sus políticas de atención sin aviso. 
18/10/2021 10:41:13,Aguascalientes,Titular de la Oficina de Representación,Marisa Aidee Luján Gómez ,"Oficina de Representación del Registro Agrario Nacional, Oficina de Representación de la Procuraduría Agraria, Delegación estatal del Instituto Nacional del Suelo Sustentable","TTI, Mesa Agraria, Bancos del bienestar, Regularización, Ubicación de predios, excedencias. ","Mesa agraria, bancos del bienestar, conflictos sociales, universidad BJG, regularización de reservas de crecimiento ","Regularización de asentamientos humanos, gestión de ordenamiento territorial ",,Están parcialmente abiertas o en horario restringido,Están abiertas y en operación continua,Están abiertas y en operación continua,No aplica,Regular,"Fácil, pronta y eficaz",Aceptable,No aplica,Atención parcial,Atención permanente,Atención solo a asuntos rezagados,No aplica,Atención solo con cita,Atención permanente en horario de oficina,Atención en días y horarios limitados,No aplica,Deficiente,Bueno,Regular,No aplica,Reactiva tras varias solicitudes,Voluntad de colaboración y coordinación,Voluntad de colaboración y coordinación,No aplica,"Uso de intermediarios para la agenda de citas, Uso de intermediarios para la atención de trámites",,"Cobro para la atención de trámites, Cobro para gestionar servicios",,"RAN: Atiende el personal de vigilancia (que no es servidor público), no permiten acceso para consultas de información o asesoría. No contestan el teléfono de citas y no se agendan citas personalmente, les indican que forzosamente debe ser por internet. Exigen documentos extra en los trámites. Tardan mucho más tiempo del indicado para los trámites. 
INSUS: Se hacen cobros en efectivo en la representación por trámites. 
"
20/9/2021 17:53:48,Baja California,Subdelegada/o de Desarrollo Urbano,Enrique Manuel Cunningham Santana,"Oficina de Representación del Registro Agrario Nacional, Oficina de Representación de la Procuraduría Agraria, Delegación estatal del Instituto Nacional del Suelo Sustentable, Oficina estatal de la Comisión Nacional de Vivienda (si aplica)","Entrega de títulos, mesas agrarias, reuniones programa RRAJA","Seguimiento mesas Agrarias, asambleas de ejidos que presenten alguna problemática mayor a la habitual, conflictos en colonias nacionales ",Seguimiento a Regularización de predios ,Verificación de inmuebles beneficiados por los programas de conavi ,Están abiertas y en operación continua,Están abiertas y en operación continua,Están abiertas y en operación continua,Están abiertas y en operación continua,"Fácil, pronta y eficaz","Fácil, pronta y eficaz","Fácil, pronta y eficaz","Fácil, pronta y eficaz",Atención permanente,Atención permanente,Atención permanente,Atención permanente,Atención permanente en horario de oficina,Atención permanente en horario de oficina,Atención permanente en horario de oficina,Atención permanente en horario de oficina,Eficiente,Eficiente,Eficiente,Eficiente,Responsiva tras la solicitud,Responsiva tras la solicitud,Responsiva tras la solicitud,Responsiva tras la solicitud,Cobro para la atención de trámites,,,,
18/10/2021 10:41:23,Baja California,Titular de la Oficina de Representación,Enrique Manuel Cunningham Santana,"Oficina de Representación del Registro Agrario Nacional, Oficina de Representación de la Procuraduría Agraria, Delegación estatal del Instituto Nacional del Suelo Sustentable","Mesa Agrarian, Atencion a Pueblos Indigenas, Seguimiento al programa RAAJA","Regularizacion de Colonias Nacionales, Juicios Agrariso, Mesas Agrarias Atencion RAAJA ",Mesa Agraria Regularizacion de Poligonos de Vivienda PMU,,Están abiertas y en operación continua,Están abiertas y en operación continua,Están abiertas y en operación continua,No aplica,"Fácil, pronta y eficaz","Fácil, pronta y eficaz","Fácil, pronta y eficaz",No aplica,Atención permanente,Atención permanente,Atención permanente,No aplica,Atención permanente en horario de oficina,Atención permanente en horario de oficina,Atención permanente en horario de oficina,No aplica,Eficiente,Eficiente,Eficiente,No aplica,Voluntad de colaboración y coordinación,Voluntad de colaboración y coordinación,Voluntad de colaboración y coordinación,No aplica,,,,,
20/9/2021 20:34:26,Baja California Sur,Titular de la Oficina de Representación,Silvia Salas Cariño,"Oficina de Representación del Registro Agrario Nacional, Oficina de Representación de la Procuraduría Agraria, Delegación estatal del Instituto Nacional del Suelo Sustentable","Seguimiento inscripción de NCPE, Temas Mesa Agrarias, Jornada Itinerntes","Asesoría a NCPE, Colonia Agricolas, Temas Mesa Agraria",Busqueda de regularización de suelos para la incorporación a los PDUM,,Están abiertas y en operación continua,Están abiertas y en operación continua,Están abiertas y en operación continua,No aplica,Aceptable,Aceptable,Aceptable,No aplica,Atención parcial,Atención parcial,Atención parcial,No aplica,Atención permanente en horario de oficina,Atención permanente en horario de oficina,Atención permanente en horario de oficina,No aplica,Bueno,Bueno,Bueno,No aplica,Responsiva tras la solicitud,Responsiva tras la solicitud,Responsiva tras la solicitud,No aplica,,Cobro para la atención de trámites,,,"Sobre el cobro de atención de tramites, el hecho fue denunciado ante el Procurador Agrario mediante oficio, y se esta trabajando en la denuncia frente el OIC"
20/9/2021 18:53:59,Campeche,Titular de la Oficina de Representación,Benito Antonio Mateos Rodriguez,"Oficina de Representación del Registro Agrario Nacional, Oficina de Representación de la Procuraduría Agraria, Delegación estatal del Instituto Nacional del Suelo Sustentable","Mesa Agraria, Tren maya, Bancos del Bienestar, asuntos agrarios varios, expropiaciones, Ordenamiento Territorial Comunitario, otros ","Mesa Agraria, Tren maya, Bancos del Bienestar, atención al sector agrario en conjunto, Ordenamiento Territorial Comunitarios","Mesa Agraria, Tren maya, Bancos del Bienestar, Ordenamiento Territorial Comunitarios","Tren Maya, verificación del programa Vivienda Social",Están parcialmente abiertas o en horario restringido,Están parcialmente abiertas o en horario restringido,Están parcialmente abiertas o en horario restringido,No aplica,Aceptable,Regular,Aceptable,Aceptable,Atención solo a asuntos rezagados,Atención parcial,Atención parcial,Atención parcial,Atención solo con cita,Atención solo con cita,Atención solo con cita,No dan atención,Regular,Regular,Regular,No aplica,Voluntad de colaboración y coordinación,Reactiva tras varias solicitudes,Responsiva tras la solicitud,Voluntad de colaboración y coordinación,"Uso de intermediarios para la atención de trámites, Cobro para la atención de trámites, Cobro para gestionar servicios","Uso de intermediarios para la atención de trámites, Cobro para la atención de trámites",,,
19/10/2021 11:04:19,Campeche,Titular de la Oficina de Representación,BENITO ANTONIO MATEOS RODRIGUEZ ,"Oficina de Representación del Registro Agrario Nacional, Oficina de Representación de la Procuraduría Agraria, Delegación estatal del Instituto Nacional del Suelo Sustentable","Mesa Agraria (varios temas agrarios), Regularización predios Bancos del Bienestar, Tren Maya, Ordenamiento Territorial Comunitario ","Mesa Agraria (varios temas agrarios), Regularización predios Bancos del Bienestar, Tren Maya, Ordenamiento Territorial Comunitario ","Mesa Agraria (varios temas agrarios), Regularización predios Bancos del Bienestar, Tren Maya, Ordenamiento Territorial Comunitario ",,Cierran frecuentemente,Están parcialmente abiertas o en horario restringido,Están parcialmente abiertas o en horario restringido,No aplica,Aceptable,Aceptable,Aceptable,No aplica,Atención solo a asuntos rezagados,Atención parcial,Atención parcial,No aplica,Atención solo con cita,Atención en días y horarios limitados,Atención en días y horarios limitados,No aplica,Regular,Regular,Bueno,No aplica,Voluntad de colaboración y coordinación,Responsiva tras la solicitud,Responsiva tras la solicitud,No aplica,"Uso de intermediarios para la agenda de citas, Uso de intermediarios para la atención de trámites, Cobro para la atención de trámites, Cobro para gestionar servicios, Observación de influyentismo o usuarios preferentes","Uso de intermediarios para la agenda de citas, Uso de intermediarios para la atención de trámites",,,"Con la titular del RAN se tiene buena relación y coordinación, aunque su personal tanto de base como de confianza se sabe que realizan (dichos por l@s mism@s usari@s) cobros por los servicios que prestan, mucho tiene que ver que su personal viene de administraciones anteriores y arrastrando los mismos vicios. La PA al ser prácticamente el mismo personal de hace muchos años tienen conocimiento de los temas, pero también los mismos vicios."
21/9/2021 16:41:35,Chiapas,Subdelegada/o Jurídico,Alfredo Alvarez Perez.,"Oficina de Representación del Registro Agrario Nacional, Oficina de Representación de la Procuraduría Agraria, Delegación estatal del Instituto Nacional del Suelo Sustentable",Expropiaciones,Bancos del Bienestar,Bancos del Bienestar,,Están abiertas y en operación continua,Están parcialmente abiertas o en horario restringido,Están abiertas y en operación continua,No aplica,"Fácil, pronta y eficaz","Fácil, pronta y eficaz","Fácil, pronta y eficaz",No aplica,Atención permanente,Atención permanente,Atención permanente,No aplica,Atención en días y horarios limitados,Atención en días y horarios limitados,Atención en días y horarios limitados,No aplica,Bueno,Bueno,Bueno,No aplica,Voluntad de colaboración y coordinación,Voluntad de colaboración y coordinación,Voluntad de colaboración y coordinación,No aplica,,,,,No tengo conocimiento de vicio alguno u otro elemento no incorporado en las oficinas de las representación citadas.
22/9/2021 11:00:53,Chiapas,Subdelegada/o de Desarrollo Urbano,José Camilo González Polito,"Oficina de Representación del Registro Agrario Nacional, Oficina de Representación de la Procuraduría Agraria, Delegación estatal del Instituto Nacional del Suelo Sustentable","Problemáticas agrarios (Mesas Agrarias, atención a ejidos y comunidades), Bancos del Bienestar, Tren Maya ","Problemáticas agrarios (Mesas Agrarias, atención a ejidos y comunidades), Bancos del Bienestar, Tren Maya ","Problemáticas agrarios (Mesas Agrarias, atención a ejidos y comunidades), Bancos del Bienestar,. ",Apoyo en Programa de Vivienda Emergente,Están parcialmente abiertas o en horario restringido,Están parcialmente abiertas o en horario restringido,Están parcialmente abiertas o en horario restringido,No aplica,"Fácil, pronta y eficaz","Fácil, pronta y eficaz",Aceptable,Difícil o deficiente,Atención permanente,Atención permanente,Atención permanente,No aplica,Atención solo con cita,Atención solo con cita,Atención en días y horarios limitados,,Bueno,Eficiente,Regular,No aplica,Voluntad de colaboración y coordinación,Voluntad de colaboración y coordinación,Voluntad de colaboración y coordinación,Deficiente e informal,Uso de intermediarios para la atención de trámites,,,,"Si bien existen intermediarios que intentan realizar lo trámites en el Registro Agrario , esto es ajeno al personal que labora en las oficinas del RAN "
18/10/2021 12:08:01,Chiapas,Subdelegada/o de Desarrollo Urbano,Jose Camilo Gonzalez Polito,"Oficina de Representación del Registro Agrario Nacional, Oficina de Representación de la Procuraduría Agraria, Delegación estatal del Instituto Nacional del Suelo Sustentable, Oficina estatal de la Comisión Nacional de Vivienda (si aplica)","Bancos del Bienestar, apoyos técnicos, mesas agrarias y asuntos agrarios en general","Bancos del Bienestar, mesas agrarias, asuntos agrarios en general",Regulación de predios y mesas agrarias,Programa de Vivienda emergente,Están abiertas y en operación continua,Están abiertas y en operación continua,Están abiertas y en operación continua,No aplica,"Fácil, pronta y eficaz","Fácil, pronta y eficaz",Regular,Difícil o deficiente,Atención permanente,Atención permanente,Atención permanente,Atención solo a asuntos rezagados,Atención permanente en horario de oficina,Atención permanente en horario de oficina,Atención permanente en horario de oficina,No dan atención,Eficiente,Eficiente,Bueno,No aplica,Voluntad de colaboración y coordinación,Voluntad de colaboración y coordinación,Reactiva tras varias solicitudes,Deficiente e informal,,,,,Con CONAVI sólo tenemos información con los del PVE porque compartimos oficinas.
22/9/2021 10:04:40,Chihuahua,Titular de la Oficina de Representación,Beatriz Anselma Meza Peñuelas,"Oficina de Representación del Registro Agrario Nacional, Oficina de Representación de la Procuraduría Agraria",Revisión y seguimiento de temas de la mesa agraria y mesas del Bienestar en trabajos técnicos de medición de expropiaciones.,"Revisión y seguimiento de temas de la mesa Agraria y Bancos del Bienestar(Interviene en asesoria juridica , solución de conflictos con los ejidos)",Revisión y seguimiento de temas de la mesa Agraria y bancos del bienestar,N/A,Están abiertas y en operación continua,Están abiertas y en operación continua,Están abiertas y en operación continua,No aplica,Aceptable,Aceptable,Aceptable,No aplica,Atención permanente,Atención permanente,Atención permanente,No aplica,Atención solo con cita,Atención permanente en horario de oficina,Atención permanente en horario de oficina,No aplica,Bueno,Bueno,Bueno,No aplica,Voluntad de colaboración y coordinación,Voluntad de colaboración y coordinación,Voluntad de colaboración y coordinación,No aplica,,,,,"EN EL RAN NO CUENTAN CON SERVICIO DE TELEFONIA , ATIENDEN AL PÚBLICO CON  UN EQUIPO CELULAR QUE ADQUIRIO LAOFICINA DEL RAN PARA ATENDER USUARIOS, LO QUE GENERA QUE SE SATURE LA LINEA Y EXISTE MOLESTIA POR PARTE DE LOS USUSARIOS YA QUE BATALLAN MUCHO PARA COMUNICARSE Y SACAR CITA O SOLICITAR ALGUNA INFORMACIÓN SOBRE SUS TRAMITES."
18/10/2021 12:17:13,Chihuahua,Departamento de Organización,Roberto F. Luna Valencia,"Oficina de Representación del Registro Agrario Nacional, Oficina de Representación de la Procuraduría Agraria, Delegación estatal del Instituto Nacional del Suelo Sustentable","diversos asuntos jurídicos, Revisión e integración de expedientes para temas de expropiación, investigación sobre antecedentes registrales para le integración de expediente de terrenos nacionales, solicitudes de localización de predios, solicitud de carpetas básicas, temas bancos del bienestar  y temas de terrenos de IMSS-BIENESTAR","Coordinación con la convocatoria y acompañamiento de asambleas ejidales y comunales, información sobre constancias de regimen ejidal o comunal, acompañamiento y apoyo  en nuestras actividades de acuerdo a su atribuciones ",acompañamiento y apoyo  en nuestras actividades de acuerdo a su atribuciones ,,Están abiertas y en operación continua,Están abiertas y en operación continua,Están abiertas y en operación continua,No aplica,Aceptable,Aceptable,Aceptable,No aplica,Atención permanente,Atención permanente,Atención permanente,No aplica,Atención solo con cita,Atención solo con cita,Atención permanente en horario de oficina,No aplica,Bueno,Bueno,Bueno,No aplica,Responsiva tras la solicitud,Responsiva tras la solicitud,Responsiva tras la solicitud,No aplica,,,,,"RAN solo se realizan   3 tramites por cita, hay personas que vienen de lejos y tienen que hacer varias citas para  poder completar sus tramites, es difícil la comunicación con la oficina ya que solo cuentan con una linea de celular para la atención a usuarios (no cuenta con telefonía fija) , tienen problemas con el sistema de citas ya que gestores externos acaparan los lugares, la información para los tramites es confusa e incompleta para los usuarios,  todos comentarios de usuarios de la oficina de RAN"
21/9/2021 13:45:57,Ciudad de México,Titular de la Oficina de Representación,Francisco de Asis Soní Solchaga,"Oficina de Representación del Registro Agrario Nacional, Oficina de Representación de la Procuraduría Agraria, Delegación estatal del Instituto Nacional del Suelo Sustentable","Atención a Núcleos agrarios, ejidatarios, comuneros y habitantes de asentamientos humanos irregulares; Revisión de documentación y planos de los Núcleos agrarios; Información sobre la vigencia de los órganos de representación de los Núcleos agrarios; Apoyo paras trabajos técnicos informativos para expropiaciones,  ejecuciones y solventar posibles inconsistencias; búsqueda de predios para el Banco del Bienestar","Atención a Núcleos agrarios, ejidatarios, comuneros y habitantes de asentamientos humanos irregulares. Su intervención es esencial para esto, puesto que son los que por medio de los visitadores llevan la relación directa con los órganos de representaciones, ejidatarios y comuneros; y como están al tanto de la situación actualizada en los Núcleos agrarios, pueden detectar problemas que debemos atender como sector por medio de la Mesa agraria. Apoyo en negociaciones con Órganos de representación para la donación de predios para el Banco de Bienestar y otros equipamientos; así como asesoría en el procedimiento para llevarlo a cabo.","Atención a Núcleos agrarios, ejidatarios, comuneros y habitantes de asentamientos humanos irregulares; Expropiaciones para regularización de asentamientos humanos irregulares: coordinación de los trabajos técnicos para solicitar la expropiación; búsqueda de predios para el Banco del Bienestar; Asesoría con el Titular de la representación regional por su amplia experiencia en el ramo.",N/A,Están abiertas y en operación continua,Están parcialmente abiertas o en horario restringido,Están abiertas y en operación continua,No aplica,Aceptable,"Fácil, pronta y eficaz","Fácil, pronta y eficaz",No aplica,Atención permanente,Atención permanente,Atención permanente,No aplica,Atención permanente en horario de oficina,Atención permanente en horario de oficina,Atención permanente en horario de oficina,No aplica,Bueno,Eficiente,Eficiente,No aplica,Voluntad de colaboración y coordinación,Voluntad de colaboración y coordinación,Voluntad de colaboración y coordinación,No aplica,,,,,"En INSUS, el titular de la representación regional se queja de que hay personas en la representación de INSUS en CDMX heredadas de gobiernos anteriores que no ha podido despedir que esconden información sobre los predios expropiados por esa dependencia."
20/9/2021 17:45:03,Coahuila,Titular de la Oficina de Representación,LILIANA PAOLA AGUILAR TIJERINA,"Oficina de Representación del Registro Agrario Nacional, Oficina de Representación de la Procuraduría Agraria, Delegación estatal del Instituto Nacional del Suelo Sustentable","Expropiaciones, excedencias y asuntos de Mesa Agraria.",Asuntos de Mesa Agraria.,Bancos de Bienestar y Asuntos de Mesa Agraria.,N/A,Cierran frecuentemente,Están abiertas y en operación continua,Están abiertas y en operación continua,No aplica,Aceptable,Aceptable,"Fácil, pronta y eficaz",No aplica,Atención parcial,Atención permanente,Atención permanente,No aplica,Atención solo con cita,Atención permanente en horario de oficina,Atención permanente en horario de oficina,No aplica,Regular,Bueno,Eficiente,No aplica,Responsiva tras la solicitud,Responsiva tras la solicitud,Voluntad de colaboración y coordinación,No aplica,,,,,
17/10/2021 17:19:18,Coahuila,Titular de la Oficina de Representación,Liliana Paola Aguilar Tijerina,"Oficina de Representación del Registro Agrario Nacional, Oficina de Representación de la Procuraduría Agraria, Delegación estatal del Instituto Nacional del Suelo Sustentable",Excelencias. Expropiaciones. Acuerdos y seguimiento a temas de Mesa Agraria.,Asambleas ejidales. Acuerdos y seguimiento a temas de Mesa Agraria,Acuerdos y seguimiento a temas de Mesa Agraria. ,,Cierran frecuentemente,Están abiertas y en operación continua,Están abiertas y en operación continua,No aplica,Aceptable,"Fácil, pronta y eficaz","Fácil, pronta y eficaz",No aplica,Atención parcial,Atención permanente,Atención permanente,No aplica,Atención solo con cita,Atención permanente en horario de oficina,Atención permanente en horario de oficina,No aplica,Bueno,Eficiente,Eficiente,No aplica,Reactiva tras varias solicitudes,Voluntad de colaboración y coordinación,Voluntad de colaboración y coordinación,No aplica,,,,,
21/9/2021 22:00:38,Colima,Titular de la Oficina de Representación,Aida Pamela Caldera Caldera,"Oficina de Representación del Registro Agrario Nacional, Oficina de Representación de la Procuraduría Agraria, Delegación estatal del Instituto Nacional del Suelo Sustentable","Programa RRAJA-FANAR, COSOMER, Juicios Agrarios, Bancos de Bienestar, Mesa Agraria","Programa RRAJA-FANAR, COSOMER, Juicios Agrarios, Bancos de Bienestar, Mesa Agraria","Programa RRAJA-FANAR, Expropiaciones de Bienes Ejidales y Comunales, Bancos de Bienestar, Mesa Agraria",,Están abiertas y en operación continua,Están parcialmente abiertas o en horario restringido,Están abiertas y en operación continua,No aplica,"Fácil, pronta y eficaz",Aceptable,"Fácil, pronta y eficaz",No aplica,Atención parcial,Atención parcial,Atención parcial,No aplica,Atención solo con cita,Atención solo con cita,Atención en días y horarios limitados,No aplica,Bueno,Regular,Regular,No aplica,Voluntad de colaboración y coordinación,Voluntad de colaboración y coordinación,Voluntad de colaboración y coordinación,No aplica,"Uso de intermediarios para la agenda de citas, Uso de intermediarios para la atención de trámites","Uso de intermediarios para la agenda de citas, Uso de intermediarios para la atención de trámites",Uso de intermediarios para la atención de trámites,Observación de influyentismo o usuarios preferentes,
18/10/2021 13:30:51,Colima,Titular de la Oficina de Representación,Aida Pamela Caldera Caldera ,"Oficina de Representación del Registro Agrario Nacional, Oficina de Representación de la Procuraduría Agraria, Delegación estatal del Instituto Nacional del Suelo Sustentable","BANCOS DE BIENESTAR, RRAJA-FANAR Y JUICIOS AGRARIOS ","BANCOS DE BIENESTAR, RRAJA-FANR Y JUICIOS AGRARIOS","BANCOS DE BIENESTAR, RRAJA-FANAR",NINGUNO,Están parcialmente abiertas o en horario restringido,Están parcialmente abiertas o en horario restringido,Están abiertas y en operación continua,No aplica,Aceptable,Aceptable,Aceptable,No aplica,Atención parcial,Atención parcial,Atención parcial,No aplica,Atención solo con cita,Atención solo con cita,Atención en días y horarios limitados,No aplica,Bueno,Regular,Bueno,,Voluntad de colaboración y coordinación,Responsiva tras la solicitud,Voluntad de colaboración y coordinación,No aplica,Observación de influyentismo o usuarios preferentes,Observación de influyentismo o usuarios preferentes,Observación de influyentismo o usuarios preferentes,,
21/9/2021 11:24:59,Durango,Titular de la Oficina de Representación,Francisco Santillán de la Torre,"Oficina de Representación del Registro Agrario Nacional, Oficina de Representación de la Procuraduría Agraria, Delegación estatal del Instituto Nacional del Suelo Sustentable","Solicitud para convocatoria y organos de representación, excedencias, solicitud para cambiar de regimen comunal a ejidal y viceversa, bancos de bienestar, solicitud de copias certificadas de actas de elección de asamblea ejidal, solicitud de trabajos técnicos topográficos con motivo de ejecución presidencial, consulta de asientos registrales y catastrales para terrenos nacionales  mesas agrarias","Bancos del bienestar, solicitud de copias certificadas de la convocatoria y de la elección de los organos de representación, acompañamiento en trabajos de campo de la ejecución de resoluciones presidenciales, mesas agrarias, asesoria a sujetos agrarios en sentencias emitidas por los organos jurisdiccionales y que involucran a la secretaría","Bancos del bienestar, mesas agrarias, juicios de resoluciones agrarias en donde se involucra a la secretaría, entrega de titulos de propiedad a beneficiarios de programas federales, solicitudes de regularización de asentamientos humanos irregulares",,Están parcialmente abiertas o en horario restringido,Están parcialmente abiertas o en horario restringido,Están parcialmente abiertas o en horario restringido,No aplica,Regular,"Fácil, pronta y eficaz","Fácil, pronta y eficaz",No aplica,Atención parcial,Atención parcial,Atención parcial,No aplica,Atención solo con cita,Atención en días y horarios limitados,Atención en días y horarios limitados,No aplica,Regular,Bueno,Bueno,No aplica,Voluntad de colaboración y coordinación,Voluntad de colaboración y coordinación,Voluntad de colaboración y coordinación,No aplica,"Uso de intermediarios para la agenda de citas, Uso de intermediarios para la atención de trámites, Cobro para la atención de trámites, Cobro para gestionar servicios, Observación de influyentismo o usuarios preferentes",,,,
15/10/2021 13:29:43,Durango,Titular de la Oficina de Representación,Francisco Santillán de la Torre,"Oficina de Representación del Registro Agrario Nacional, Oficina de Representación de la Procuraduría Agraria, Delegación estatal del Instituto Nacional del Suelo Sustentable","Trabajos Técnicos Informativos, Excedencias, Bancos del Bienestar, Consultas Registrales y Catastrales para Terrenos Nacionales, Mesas Agrarias, Programa RRAJA","Bancos del Bienestar, Mesas Agrarias, Programa RRAJA, coadyuvancia en Conflictos Agrarios ","Bancos del Bienestar, Mesas Agrarias, entrega de Titulos de Propiedad",N/A,Están abiertas y en operación continua,Están abiertas y en operación continua,Están abiertas y en operación continua,No aplica,Aceptable,"Fácil, pronta y eficaz","Fácil, pronta y eficaz",No aplica,Atención permanente,Atención permanente,Atención permanente,No aplica,Atención permanente en horario de oficina,Atención permanente en horario de oficina,Atención permanente en horario de oficina,No aplica,Regular,Bueno,Bueno,No aplica,Responsiva tras la solicitud,Voluntad de colaboración y coordinación,Voluntad de colaboración y coordinación,No aplica,"Uso de intermediarios para la atención de trámites, Cobro para la atención de trámites, Cobro para gestionar servicios, Observación de influyentismo o usuarios preferentes",,,,"En la Oficina estatal del RAN en Durango casos graves de corrupción, tráfico de influencias, nepotismo "
18/10/2021 19:26:52,Estado de México,Encargada de la Oficina de Representación de la SEDATU en el Estado de México ,Rosa Delfina Salgado Colín ,"Oficina de Representación del Registro Agrario Nacional, Oficina de Representación de la Procuraduría Agraria, Delegación estatal del Instituto Nacional del Suelo Sustentable",Temas con agrarios ,Temas agrarios ,Regularizaciones ,Sólo canalizamos solicitudes a oficinas centrales ,Están parcialmente abiertas o en horario restringido,Están parcialmente abiertas o en horario restringido,Están parcialmente abiertas o en horario restringido,No aplica,Difícil o deficiente,Difícil o deficiente,Regular,No aplica,Atención parcial,Atención parcial,Atención permanente,No aplica,Atención en días y horarios limitados,Atención en días y horarios limitados,Atención en días y horarios limitados,No aplica,Deficiente,Deficiente,Regular,No aplica,Voluntad de colaboración y coordinación,Voluntad de colaboración y coordinación,Voluntad de colaboración y coordinación,,Uso de intermediarios para la atención de trámites,Uso de intermediarios para la atención de trámites,Uso de intermediarios para la atención de trámites,Observación de influyentismo o usuarios preferentes,"En el RAN la población tiene que formarse un día antes para alcanzar cita, están parados en el sol y los atienden después de las 11:00 am y de mal humor. En la PA es a puerta Cerrada, su atención es limitada o casi nula y sin profesionalismo. INSUS Atienden en sus módulos de 9:00 a 2:00pm, no hay agenda de citas, solo presencial. "
20/9/2021 18:05:33,Guanajuato,Subdelegada/o de Desarrollo Urbano,Sara Noemí Mata,"Oficina de Representación del Registro Agrario Nacional, Oficina de Representación de la Procuraduría Agraria, Delegación estatal del Instituto Nacional del Suelo Sustentable","Realización o corrección de TTI de expropiaciones, Conflictos en Mesa Agraria, Orientación a Núcleos y sujetos agrarios","Atención de asuntos en Mesa Agraria, Orientación a núcleos y sujetos agrarios","Orientación y atención a inquietudes sobre regularización de asentamientos, trámites de ciertos expedientes de expropiación",Ninguno,Están abiertas y en operación continua,Están abiertas y en operación continua,Están abiertas y en operación continua,No aplica,Regular,"Fácil, pronta y eficaz",Aceptable,No aplica,Atención parcial,Atención permanente,Atención permanente,No aplica,Atención solo con cita,Atención permanente en horario de oficina,Atención permanente en horario de oficina,No aplica,Regular,Bueno,Bueno,No aplica,Reactiva tras varias solicitudes,Voluntad de colaboración y coordinación,Responsiva tras la solicitud,No aplica,"Uso de intermediarios para la agenda de citas, Uso de intermediarios para la atención de trámites",,,,
15/10/2021 14:22:15,Guanajuato,Titular de la Oficina de Representación,Luis Eduardo Delgado Aguiñaga,"Oficina de Representación del Registro Agrario Nacional, Oficina de Representación de la Procuraduría Agraria, Delegación estatal del Instituto Nacional del Suelo Sustentable","Trabajos técnicos informativos, denuncias de excedencias, solicitud de constancias y consulta de archivo. Mesas agrarias. Bancos de Bienestar.","Asuntos COSOMER, atención a núcleos de población y mesas agrarias. Bancos del Bienestar.",Procedimientos expropiatorios donde INSUS es autoridad promovente. Mesas agrarias. Bancos del Bienestar.,Actualmente ninguno.,Están abiertas y en operación continua,Están abiertas y en operación continua,Están abiertas y en operación continua,No aplica,"Fácil, pronta y eficaz","Fácil, pronta y eficaz","Fácil, pronta y eficaz",No aplica,Atención parcial,Atención permanente,Atención permanente,No aplica,Atención solo con cita,Atención permanente en horario de oficina,No aplica,No aplica,Eficiente,Eficiente,Eficiente,No aplica,Responsiva tras la solicitud,Voluntad de colaboración y coordinación,Responsiva tras la solicitud,No aplica,"Uso de intermediarios para la agenda de citas, Uso de intermediarios para la atención de trámites",,,,"Existen rumores de vicios respecto a los servicios que presta el RAN, no obstante no pudimos corroborarlos."
22/9/2021 9:10:16,Guerrero,Subdelegada/o de Desarrollo Urbano,Lilia Eneidy castro ramos,"Oficina de Representación del Registro Agrario Nacional, Oficina de Representación de la Procuraduría Agraria, Delegación estatal del Instituto Nacional del Suelo Sustentable","Notificaciones para la realización de trabajos técnicos que se encuentran en juicio; así como  damos seguimiento a la mesas agraria,  para atender los conflictos que se encuentran en el estado. ","Dar seguimiento a las mesas agrarias, así como seguimiento al Raja Fanar ",Seguimiento a la mesa agraria y coordinación Programa para la regularización de asentamientos humanos (PRAH),Muy poca coordinación solo nos han proporcionado información ion de unas actividades que han realizado.  ,Están parcialmente abiertas o en horario restringido,Están abiertas y en operación continua,Están parcialmente abiertas o en horario restringido,No aplica,"Fácil, pronta y eficaz","Fácil, pronta y eficaz","Fácil, pronta y eficaz",Regular,Atención permanente,Atención permanente,Atención permanente,Atención solo a asuntos rezagados,Atención solo con cita,Atención en días y horarios limitados,Atención en días y horarios limitados,No aplica,Eficiente,Eficiente,Eficiente,No aplica,Voluntad de colaboración y coordinación,Voluntad de colaboración y coordinación,Voluntad de colaboración y coordinación,No aplica,,,,,"Solo se ha recibido comentarios por algunas personas ejidatarias, que los visitadores agrarios de la procuraduría agraria dan preferencias en diversos temas. "
21/9/2021 8:09:39,Hidalgo,Titular de la Oficina de Representación,Maria Esther Ramirez Vargas,"Oficina de Representación del Registro Agrario Nacional, Oficina de Representación de la Procuraduría Agraria, Delegación estatal del Instituto Nacional del Suelo Sustentable","Coordinación para gestión de brigadas para realización de trabajos técnicos informativos, apoyo para la obtención de antecedente registrales, coordinación para identificación de predios de propiedad social para propuestas de Bancos de Bienestar, intervención en aquellos asuntos que en el ámbito de nuestras respectivas competencias  como Sector debemos actuar de forma conjunta.","Apoyo en la atención de conflictos agrarios, colaboración para la identificación de predios para para propuestas de construcción de Bancos de Bienestar, colaboración para seguimiento de tramites de ejecución de Resoluciones Presidenciales, intervención en aquellos asuntos que en el ámbito de nuestras respectivas competencias como Sector debemos actuar de forma conjunta",Colaboración en el seguimiento y atención de asuntos recibidos en la Oficina Representación relacionados gestiones para la regularización y certeza jurídica en los que en el ámbito de nuestras respectivas competencias como Sector debemos llevar a cabo acciones de forma coordinada.,No hay oficina Representación,Están abiertas y en operación continua,Están abiertas y en operación continua,Están abiertas y en operación continua,No aplica,"Fácil, pronta y eficaz","Fácil, pronta y eficaz","Fácil, pronta y eficaz",No aplica,Atención permanente,Atención permanente,Atención permanente,No aplica,Atención en días y horarios limitados,Atención permanente en horario de oficina,Atención en días y horarios limitados,No aplica,Bueno,Eficiente,Eficiente,No aplica,Voluntad de colaboración y coordinación,Voluntad de colaboración y coordinación,Voluntad de colaboración y coordinación,No aplica,,,,,"Señalamientos realizados por servidores Públicos   respecto a inconformidad en el trato recibido  por parte del Titular de la Oficina de Repressentacion del RAN. la relación laboral con el Sector es institucional, de absoluto respeto y colaboración."
13/10/2021 11:26:06,Hidalgo,Titular de la Oficina de Representación,RAUL ANGEL OTERO DIAZ,"Oficina de Representación del Registro Agrario Nacional, Oficina de Representación de la Procuraduría Agraria, Delegación estatal del Instituto Nacional del Suelo Sustentable","Levantamientos topograficos, solicitud información, mediciones, copia certificadas de planos, investigación de antecedentes, ubicación de predios","Juicios Agrarios, ejecuciones, resoluciones, cosomer y bancos del bienestar",expropiaciones,n/a,Están parcialmente abiertas o en horario restringido,Están parcialmente abiertas o en horario restringido,Están parcialmente abiertas o en horario restringido,No aplica,"Fácil, pronta y eficaz","Fácil, pronta y eficaz","Fácil, pronta y eficaz",No aplica,Atención permanente,Atención permanente,Atención permanente,No aplica,Atención solo con cita,Atención en días y horarios limitados,Atención en días y horarios limitados,No aplica,Eficiente,Eficiente,Eficiente,No aplica,Voluntad de colaboración y coordinación,Voluntad de colaboración y coordinación,Voluntad de colaboración y coordinación,No aplica,,,,,"Es importante incluir en este formulario a la DGOPR, ya que tenemos igual relacion con temas de la OR, y con muchos pendientes y problemas en la atención oportuna "
21/9/2021 16:03:37,Jalisco,Titular de la Oficina de Representación,Sahik Alarcón Esparza,"Oficina de Representación del Registro Agrario Nacional, Oficina de Representación de la Procuraduría Agraria, Delegación estatal del Instituto Nacional del Suelo Sustentable",Se solicitan los trabajos técnicos de los procesos expropiatorios,"Asesoría en conjunto a los núcleos agrarios en su problemática de tenencia de la tierra, así como en la resolución de conflictos con el programa COSOMER","La regularización de predios para programa CONAVI, y ejecuciones pendientes de realizar a favor del instituto",No se tiene representación de CONAVI en Jalisco,Están parcialmente abiertas o en horario restringido,Están abiertas y en operación continua,Están abiertas y en operación continua,No aplica,"Fácil, pronta y eficaz","Fácil, pronta y eficaz","Fácil, pronta y eficaz",No aplica,Atención parcial,Atención permanente,Atención permanente,No aplica,Atención en días y horarios limitados,Atención permanente en horario de oficina,Atención permanente en horario de oficina,No aplica,Bueno,Eficiente,Eficiente,No aplica,Responsiva tras la solicitud,Voluntad de colaboración y coordinación,Voluntad de colaboración y coordinación,No aplica,,,,,
15/10/2021 13:43:28,Jalisco,Subdelegada/o de Desarrollo Urbano,SAHIK ALARCÓN ESPARZA,"Oficina de Representación del Registro Agrario Nacional, Oficina de Representación de la Procuraduría Agraria, Delegación estatal del Instituto Nacional del Suelo Sustentable","Trabajos técnicos, procedimientos expropiatorios y asuntos de COSOMER","Asuntos de COSOMER, expropiaciones, Bancos de Bienestar y rezago agrario",Asuntos de Programa de Mejoramiento Urbano y Bancos de Bienestar,No hay relación,Están parcialmente abiertas o en horario restringido,Están abiertas y en operación continua,Están abiertas y en operación continua,No aplica,Aceptable,"Fácil, pronta y eficaz","Fácil, pronta y eficaz",No aplica,Atención parcial,Atención permanente,Atención permanente,No aplica,Atención solo con cita,Atención permanente en horario de oficina,Atención permanente en horario de oficina,No aplica,Regular,Eficiente,Eficiente,No aplica,Reactiva tras varias solicitudes,Voluntad de colaboración y coordinación,Voluntad de colaboración y coordinación,No aplica,,,,,"Se han hecho algunos comentarios en los que se ventila que el sistema de citas en el Registro Agrario Nacional no opera con regularidad, por lo que se recomienda un análisis para que este sistema no este sujeto a la discrecionalidad de los servidores públicos."
20/9/2021 17:38:01,Michoacán,Titular de la Oficina de Representación,Miguel Ángel Sandoval Rodríguez,"Oficina de Representación del Registro Agrario Nacional, Oficina de Representación de la Procuraduría Agraria, Delegación estatal del Instituto Nacional del Suelo Sustentable","Mesa agraria, trabajos técnicos, solicitudes de documentos, apoyo técnico, asesoría para asentamientos humanos ","Mesa agraria, trabajos técnicos, solicitudes de documentos, apoyo técnico, asesoría pra regulación de asentamientos humanos ","Mesa agraria, trabajos técnicos, solicitudes de documentos, apoyo técnico, asesoría pra regulación de asentamientos humanos ",No aplica ya que solo con ellos hemos hecho verificación de las viviendas construidas en Morelia por ellos. ,Están cerradas,Están parcialmente abiertas o en horario restringido,Están abiertas y en operación continua,No aplica,Difícil o deficiente,Regular,Regular,No aplica,Atención parcial,Atención parcial,Atención parcial,No aplica,No dan atención,Atención solo con cita,Atención en días y horarios limitados,No aplica,Deficiente,Regular,Regular,No aplica,Deficiente e informal,Deficiente e informal,Responsiva tras la solicitud,No aplica,"Uso de intermediarios para la agenda de citas, Uso de intermediarios para la atención de trámites, Cobro para la atención de trámites, Cobro para gestionar servicios, Observación de influyentismo o usuarios preferentes","Uso de intermediarios para la agenda de citas, Uso de intermediarios para la atención de trámites, Cobro para la atención de trámites, Cobro para gestionar servicios, Observación de influyentismo o usuarios preferentes",,,
20/9/2021 18:46:07,Michoacán,Subdelegada/o Jurídico,Natasha López Morales,"Oficina de Representación del Registro Agrario Nacional, Oficina de Representación de la Procuraduría Agraria, Delegación estatal del Instituto Nacional del Suelo Sustentable",Seguimiento de la mesa agraria y bastantes peticiones que nos llegan de trámites de e sujetos agrarios que no son atendidos por el RAN ,Coordinamos mesas técnicas de trabajo con sujetos agrarios ,Algunas cuestiones de certeza jurídica y regularización de predios ,No aplica ,Están cerradas,Están abiertas y en operación continua,Están abiertas y en operación continua,No aplica,Difícil o deficiente,Regular,Aceptable,No aplica,Atención solo a asuntos rezagados,Atención permanente,Atención permanente,No aplica,No dan atención,Atención en días y horarios limitados,Atención permanente en horario de oficina,No aplica,Deficiente,Regular,Regular,No aplica,Deficiente e informal,Responsiva tras la solicitud,Voluntad de colaboración y coordinación,No aplica,"Uso de intermediarios para la agenda de citas, Uso de intermediarios para la atención de trámites, Cobro para la atención de trámites, Cobro para gestionar servicios, Observación de influyentismo o usuarios preferentes","Cobro para la atención de trámites, Cobro para gestionar servicios, Observación de influyentismo o usuarios preferentes",,,
17/10/2021 20:00:05,Michoacán,Titular de la Oficina de Representación,Miguel Ángel Sandoval Rodríguez ,"Oficina de Representación del Registro Agrario Nacional, Oficina de Representación de la Procuraduría Agraria, Delegación estatal del Instituto Nacional del Suelo Sustentable","Todos los trámites de certeza legal, inscripciones de diversos temas: Bancos del Bienestar, Bases de la Guardia Nacional, Escuelas y centros de salud, titulos parcelarios se diveros sujetos agrarios, padrones de diversos ejidos, inscripciones de nuevas mesas agrarias, documentos de temas de Cosomer, entre otros. ","Seguimiento de asambleas, instalación de reuniones en primera y segundas convocatorias, atención a núcleos agrarios que solicitan asambleas, atención a sujetos agrarios que estan sin atención. ","Seguimiento, atención de todos los suelos urbanos que se cuentan en el estado, mismo que requieren la regularización de sus tierras, certeza de Bases de la Guardia Nacional, Bancos del Bienestar, Escuelas y Centros de Salud. Colonias que estan asrntadas en Michoacán sin la certeza de la tierra.",Seguimiento a las acciones de vivienda realizadas por Conavi,Cierran frecuentemente,Cierran frecuentemente,Están parcialmente abiertas o en horario restringido,No aplica,Regular,Regular,Regular,No aplica,Atención parcial,Atención parcial,Atención parcial,No aplica,Atención solo con cita,Atención solo con cita,Atención en días y horarios limitados,No aplica,Deficiente,Deficiente,Regular,No aplica,Reactiva tras varias solicitudes,Reactiva tras varias solicitudes,Responsiva tras la solicitud,No aplica,"Uso de intermediarios para la agenda de citas, Uso de intermediarios para la atención de trámites, Cobro para la atención de trámites, Cobro para gestionar servicios, Observación de influyentismo o usuarios preferentes","Uso de intermediarios para la agenda de citas, Cobro para la atención de trámites, Observación de influyentismo o usuarios preferentes",Uso de intermediarios para la atención de trámites,,"El servicio del RAN PASARON UN AÑO SIN ATENDER AL PÚBLICO, TIENEN A LA GENTE EN FILAS DESDE LA MAÑANA HASTA LA SIGUIENTE MAÑANA EN EL SOL, LLUVIA, INTEMPERIE ES DE LAS 200 OFICINAS DE MICHOACÁN QUE TIENEN A LA GENTE EN ESA CONDICIÓN HAY UN RECHAZO ENORME EN EL ESTADO POR LA ACTUACIÓN DE LOS FUNCIONARIOS Y FORMAS DE OPERAR DE LA DEPENDENCIA LONQUE PROPICIANAPARTADO DE LUGARAES, PREFER3NCIAS ,COBROS HAY PERSONAS QUE VIAJAN HASTA 10 HORAS Y NO LAS ATIENDEN, O ENTRAS OCASIONES POR FUERA LOS ATIENDEN Y ENTREGAN DOCUMENTOS PERO LES COBRAN FUERA DE LOS COSTOS DE DERECHOS. URGENTE HACER UNA ESTRATEGIA PARA ATENDER A TODOS Y ROMPER EL VICIO DE PRACTICAS EN EL CASO DE ELLOS LES PRESTAMOS CASI 50 PERSONAS PARA ATENDER PERO LOS RETIRARON O INSULTABAN PARA NO TENER OJOS QUE OBSERVABAN LAS COSAS. EN EL CASO DE LA PROCURADURÍA AGRARIA SE TIENEN QUEJA DE CASI TODOS JEFES DE SUPERVISIONES Y VISITADORES QUE LES COBRAN, NO LES ATIENDEN O TRA4N INTERESES EN CADA NÚCLEO O SECTOR. ES URGENTE HACER MOVIMIENTOS PATA SACUDIR LOS VIEJOS VICIOS Y PRACTICAS DE CORRUPCIÓN QUE IMPERAN ES LA DEPENDENCIA DONDE TENEMOS SUJETOS QUE HAN DENUNCIADO POR LA MALA ATENCIÓN. EN INSUS S3 ATIENDE PERO A ELLOS LES FALTA DAR MÁS ACOMPANAMIENTO A LAS ACCIONES DEL SECTOR SE QUIEREN IR SIMPRE POR SI SOLOS CON MUNICIPUOS COSA QUE SR HAVE MUY TURBIA AL TENER HASTA ENTREGAS DE EACRITURAS SIN QUE EL SECTOR ESTEMOS AL TANTO. "
20/9/2021 17:36:26,Morelos,Titular de la Oficina de Representación,Fortino José Luis Vargas Carreón,"Oficina de Representación del Registro Agrario Nacional, Oficina de Representación de la Procuraduría Agraria, Delegación estatal del Instituto Nacional del Suelo Sustentable",Los acordados en las mesas agrarias estatal y nacional; conflictos agrarios; actualizaciones testamentarias que ingresan por ventanilla de la OR; participación conjunta en el Programa de certeza jurídica que desarrolla el RAN; reuniones del RRAJA ,"Los acordados en la mesa agraria, conflictos agrarios, egulrizacion de colonias agrícolas, ",Los acordados en la mesa agraria y solicitudes de regularización de predios de propiedad social que ingresan por ventanilla de la OR.,Ninguno.,Están abiertas y en operación continua,Están abiertas y en operación continua,Están abiertas y en operación continua,No aplica,"Fácil, pronta y eficaz","Fácil, pronta y eficaz","Fácil, pronta y eficaz",No aplica,Atención permanente,Atención permanente,Atención permanente,No aplica,Atención permanente en horario de oficina,Atención en días y horarios limitados,Atención permanente en horario de oficina,No aplica,Eficiente,Eficiente,Eficiente,No aplica,Voluntad de colaboración y coordinación,Voluntad de colaboración y coordinación,Voluntad de colaboración y coordinación,No aplica,,,,,
16/10/2021 11:05:57,Morelos,Subdelegada/o Jurídico,Brenda García Pineda,"Oficina de Representación del Registro Agrario Nacional, Oficina de Representación de la Procuraduría Agraria, Delegación estatal del Instituto Nacional del Suelo Sustentable","Mesa Agraria, TTI expropiación, RAJJA FANAR, Bancos de Bienestar","Mesa Agraria, RAJJA FANAR, Bancos de Bienestar, colonias Agrícolas ","PMU, Expropiación ",Ninguno,Están parcialmente abiertas o en horario restringido,Cierran frecuentemente,Están abiertas y en operación continua,No aplica,"Fácil, pronta y eficaz",Aceptable,"Fácil, pronta y eficaz",No aplica,Atención parcial,Atención parcial,Atención permanente,No aplica,Atención solo con cita,Atención solo con cita,Atención permanente en horario de oficina,No aplica,Bueno,Bueno,Bueno,No aplica,Voluntad de colaboración y coordinación,Reactiva tras varias solicitudes,Voluntad de colaboración y coordinación,No aplica,"Uso de intermediarios para la agenda de citas, Uso de intermediarios para la atención de trámites, Cobro para la atención de trámites, Cobro para gestionar servicios","Uso de intermediarios para la atención de trámites, Cobro para la atención de trámites, Cobro para gestionar servicios",,,
21/9/2021 15:38:09,Nayarit,Subdelegada/o de Desarrollo Urbano,CARLOS FRANCISCO AGUADO RIVAS,"Oficina de Representación del Registro Agrario Nacional, Oficina de Representación de la Procuraduría Agraria, Delegación estatal del Instituto Nacional del Suelo Sustentable","DE EXPROPIACIÓN, REGIMEN DE LA PROPIEDAD SOCIAL, SOLICITUD DE VIGENCIA DE DERECHOS, TRABAJOS TÉCNICO, ENTRE OTROS.","REGIMEN DE LA PROPIEDAD SOCIAL, SOLICITUDES DE ACTAS, ACOMPAÑAMIENTO EN PADRONES DE NUCLEOS AGRARIOS",REGULARIZACIÓN DE PREDIOS,,Están abiertas y en operación continua,Están abiertas y en operación continua,Están abiertas y en operación continua,No aplica,"Fácil, pronta y eficaz","Fácil, pronta y eficaz","Fácil, pronta y eficaz",No aplica,Atención permanente,Atención permanente,Atención permanente,No aplica,Atención en días y horarios limitados,Atención en días y horarios limitados,Atención en días y horarios limitados,No aplica,Eficiente,Eficiente,Eficiente,No aplica,Voluntad de colaboración y coordinación,Voluntad de colaboración y coordinación,Voluntad de colaboración y coordinación,No aplica,,,,,
15/10/2021 13:50:31,Nayarit,Titular de la Oficina de Representación,Carlos Francisco Aguado Rivas,"Oficina de Representación del Registro Agrario Nacional, Delegación estatal del Instituto Nacional del Suelo Sustentable","Trabajos Técnicos, Vigencia de Derechos, Asuntos con Predios de Regimen Social, trabajos de Ejecución, entre otros","Asuntos con Predios de Regimen Social, apoyo con validación de información de carácter Ejidal y/o Comunal",Regularización de predios Intervenidos (Bahía de Banderas),canalizar gestiones referentes al apoyo a la vivienda ,Están abiertas y en operación continua,Están abiertas y en operación continua,Están abiertas y en operación continua,No aplica,"Fácil, pronta y eficaz","Fácil, pronta y eficaz","Fácil, pronta y eficaz",No aplica,Atención permanente,Atención permanente,Atención permanente,No aplica,Atención permanente en horario de oficina,Atención permanente en horario de oficina,Atención permanente en horario de oficina,No aplica,Eficiente,Eficiente,Eficiente,Regular,Voluntad de colaboración y coordinación,Voluntad de colaboración y coordinación,Voluntad de colaboración y coordinación,Responsiva tras la solicitud,,,,,
20/9/2021 18:34:38,Nuevo Leon,Titular de la Oficina de Representación,EVERARDO GARZA GUERRA,"Oficina de Representación del Registro Agrario Nacional, Oficina de Representación de la Procuraduría Agraria, Delegación estatal del Instituto Nacional del Suelo Sustentable",TEMAS REGISTRALES DE SENTENC EN LOS QUE SEDATU HAYA SIDO PARTE (10),RAJJA 1 ASUNTO,PREDIO EMILIANO ZAPATA EN EL MUNICIPIO DE ECOBEDO Y POBLADO EN EL CARMEN NL,NO APLICA,Están parcialmente abiertas o en horario restringido,Están parcialmente abiertas o en horario restringido,Están parcialmente abiertas o en horario restringido,No aplica,"Fácil, pronta y eficaz","Fácil, pronta y eficaz","Fácil, pronta y eficaz",,Atención permanente,Atención permanente,Atención permanente,,Atención en días y horarios limitados,Atención en días y horarios limitados,Atención permanente en horario de oficina,,Eficiente,Eficiente,Eficiente,,Voluntad de colaboración y coordinación,Voluntad de colaboración y coordinación,Voluntad de colaboración y coordinación,,Uso de intermediarios para la agenda de citas,Uso de intermediarios para la agenda de citas,Uso de intermediarios para la agenda de citas,,
13/10/2021 15:32:26,Nuevo Leon,Titular de la Oficina de Representación,EVERARDO GARZA GUERRA,"Oficina de Representación del Registro Agrario Nacional, Oficina de Representación de la Procuraduría Agraria, Delegación estatal del Instituto Nacional del Suelo Sustentable",TRABAJO TÉCNICO Y PERITAJE DE PUERTO CARRETAS EXP 664-2010,MESA AGRARIA Y REGULARIZACIÓN DE LAS COLONIAS PARA REALIZAR ASAMBLEAS,MESA AGRARIA Y REGULARIZACIÓN DE PREDIO EMILIANO ZAPATA ,,Están parcialmente abiertas o en horario restringido,Están abiertas y en operación continua,Están abiertas y en operación continua,No aplica,"Fácil, pronta y eficaz","Fácil, pronta y eficaz","Fácil, pronta y eficaz",,Atención parcial,Atención permanente,Atención permanente,No aplica,Atención solo con cita,Atención permanente en horario de oficina,Atención permanente en horario de oficina,No aplica,Eficiente,Eficiente,Eficiente,No aplica,Voluntad de colaboración y coordinación,Voluntad de colaboración y coordinación,Voluntad de colaboración y coordinación,No aplica,,,,,NO TENEMOS CONOCIMIETO DE NINGUN VICIO 
21/9/2021 20:36:40,Oaxaca,Titular de la Oficina de Representación,Abelardo Mendoza Sánchez ,"Oficina de Representación del Registro Agrario Nacional, Oficina de Representación de la Procuraduría Agraria, Delegación estatal del Instituto Nacional del Suelo Sustentable","Los asuntos de la Mesa Agraria, la COE y la regularización de los predios del banco del bienestar ","Los asuntos de la Mesa Agraria, la COE y la Regularización de los predios del banco del bienestar ",La Mesa agraria y la regularización de los predios del banco del bienestar ,Hemos realizado Supervision de Viviendas pero sin Coordinacion con la CONAVI,Cierran frecuentemente,Están abiertas y en operación continua,Están abiertas y en operación continua,No aplica,Regular,"Fácil, pronta y eficaz",Aceptable,No aplica,Atención solo a asuntos rezagados,Atención parcial,Atención permanente,No aplica,Atención solo con cita,Atención en días y horarios limitados,Atención permanente en horario de oficina,No aplica,Regular,Eficiente,Eficiente,No aplica,Responsiva tras la solicitud,Responsiva tras la solicitud,Voluntad de colaboración y coordinación,No aplica,Cobro para la atención de trámites,,,,
15/10/2021 15:46:41,Oaxaca,Titular de la Oficina de Representación,Abelardo Mendoza Sánchez ,"Oficina de Representación del Registro Agrario Nacional, Oficina de Representación de la Procuraduría Agraria, Delegación estatal del Instituto Nacional del Suelo Sustentable",Trabajos Técnicos Informativos de expropiaciones ,Seguimiento de la regularización de predios del banco del bienestar y seguimiento a los conflictos agrarios ,El seguimiento de la regularización de predios del banco del bienestar y mesa agraria ,Ninguna ,Están parcialmente abiertas o en horario restringido,Están abiertas y en operación continua,Están abiertas y en operación continua,No aplica,Difícil o deficiente,Aceptable,Aceptable,No aplica,Atención solo a asuntos rezagados,Atención parcial,Atención parcial,No aplica,Atención solo con cita,Atención permanente en horario de oficina,Atención permanente en horario de oficina,No aplica,Regular,Bueno,Bueno,No aplica,Responsiva tras la solicitud,Voluntad de colaboración y coordinación,Voluntad de colaboración y coordinación,No aplica,Cobro para la atención de trámites,,,,
20/9/2021 21:21:41,Puebla,Titular de la Oficina de Representación,Antonio Jesús Aguirre Sánchez,"Oficina de Representación del Registro Agrario Nacional, Oficina de Representación de la Procuraduría Agraria, Delegación estatal del Instituto Nacional del Suelo Sustentable","Bancos de bienestar, asuntos jurídicos,mesa agraria, CON-COE","Bancos de bienestar, asuntos jurídicos,mesa agraria, CON-COE","Bancos de bienestar, asuntos jurídicos,mesa agraria, estrategias de regularización de tierra.",,Están parcialmente abiertas o en horario restringido,Están abiertas y en operación continua,Están abiertas y en operación continua,No aplica,"Fácil, pronta y eficaz","Fácil, pronta y eficaz","Fácil, pronta y eficaz",No aplica,Atención parcial,Atención permanente,Atención permanente,No aplica,Atención solo con cita,Atención permanente en horario de oficina,Atención permanente en horario de oficina,No aplica,Eficiente,Eficiente,Eficiente,No aplica,Voluntad de colaboración y coordinación,Voluntad de colaboración y coordinación,Voluntad de colaboración y coordinación,No aplica,,,,,Existe un trabajo de calidad y coordinado en el sector agrario en Puebla.
14/10/2021 13:43:57,Puebla,Titular de la Oficina de Representación,Antonio Jesús Aguirre Sánchez ,"Oficina de Representación del Registro Agrario Nacional, Oficina de Representación de la Procuraduría Agraria, Delegación estatal del Instituto Nacional del Suelo Sustentable","mesas agrarias, con-coe, bancos de bienestar.","mesas agrarias, con-coe, bancos de bienestar","mesas agrarias, bancos de bienstar.",Ninguno,Están parcialmente abiertas o en horario restringido,Están parcialmente abiertas o en horario restringido,Están abiertas y en operación continua,No aplica,"Fácil, pronta y eficaz","Fácil, pronta y eficaz","Fácil, pronta y eficaz",,Atención permanente,Atención permanente,Atención permanente,No aplica,Atención en días y horarios limitados,Atención en días y horarios limitados,Atención permanente en horario de oficina,No aplica,Eficiente,Eficiente,Eficiente,No aplica,Voluntad de colaboración y coordinación,Voluntad de colaboración y coordinación,Voluntad de colaboración y coordinación,No aplica,,,,,El sector agrario en Puebla trabaja coordinado. 
22/9/2021 10:46:43,Querétaro,Titular de la Oficina de Representación,David Aron Salinas Fernández,"Oficina de Representación del Registro Agrario Nacional, Oficina de Representación de la Procuraduría Agraria, Delegación estatal del Instituto Nacional del Suelo Sustentable","Mesa Agraria, Bancos de Bienestar, programa de regularización RRAJA, información solicitada por Oficinas Centrales, eventos de entrega de documentos,","Mesa Agraria, Bancos de Bienestar, programa de regularización RRAJA, apoyo con los visitadores agrarios para recabar información solicitada por Oficinas Centrales.","Mesa Agraria, Bancos de Bienestar, asentamientos humanos no regularizados.","Canalizar peticiones de vivienda por parte de municipios, instituciones o personas que nos piden apoyo con CONAVI.",Están parcialmente abiertas o en horario restringido,Están abiertas y en operación continua,Están abiertas y en operación continua,No aplica,"Fácil, pronta y eficaz","Fácil, pronta y eficaz","Fácil, pronta y eficaz",No aplica,Atención permanente,Atención permanente,Atención permanente,No aplica,Atención permanente en horario de oficina,Atención permanente en horario de oficina,Atención permanente en horario de oficina,No aplica,Bueno,Eficiente,Eficiente,No aplica,Voluntad de colaboración y coordinación,Voluntad de colaboración y coordinación,Voluntad de colaboración y coordinación,No aplica,Observación de influyentismo o usuarios preferentes,,,,
13/10/2021 14:57:08,Querétaro,Titular de la Oficina de Representación,David Arón Salinas Fernández,"Oficina de Representación del Registro Agrario Nacional, Oficina de Representación de la Procuraduría Agraria, Delegación estatal del Instituto Nacional del Suelo Sustentable","Itinerencias para el Levantamiento de Listas de Sucesión, Bancos de Bienestar, Mesa Agraria, Programa de Regularización y Registro de Actos Jurídicos (RRAJA), atención de usuarios y canalizarlos al RAN.","Bancos de Bienestar, Mesa Agraria, Programa de Regularización y Registro de Actos Jurídicos (RRAJA).","Mesa Agraria, atención a usuarios y dirigirlos al INSUS.",Atención a municipios en cuanto a peticiones o solicitudes para dar seguimiento ante CONAVI.,Están parcialmente abiertas o en horario restringido,Están abiertas y en operación continua,Están abiertas y en operación continua,No aplica,"Fácil, pronta y eficaz","Fácil, pronta y eficaz","Fácil, pronta y eficaz",No aplica,Atención parcial,Atención permanente,Atención permanente,No aplica,Atención solo con cita,Atención permanente en horario de oficina,Atención permanente en horario de oficina,No aplica,Deficiente,Bueno,Bueno,No aplica,Voluntad de colaboración y coordinación,Voluntad de colaboración y coordinación,Voluntad de colaboración y coordinación,No aplica,"Uso de intermediarios para la agenda de citas, Uso de intermediarios para la atención de trámites, Cobro para la atención de trámites, Cobro para gestionar servicios, Observación de influyentismo o usuarios preferentes",Observación de influyentismo o usuarios preferentes,,,El RAN tiene mucho rezago en la expedición de títulos y demás trámites; tiene poco personal para atender la demanda de trámites; falta de personal capacitado en cuestiones técnicas.
21/9/2021 18:24:02,Quintana Roo,Titular de la Oficina de Representación,Ernesto Pavon Gutierrez,"Oficina de Representación del Registro Agrario Nacional, Oficina de Representación de la Procuraduría Agraria, Delegación estatal del Instituto Nacional del Suelo Sustentable","Antecedentes registrales, inscripciones MESAS AGRARIAS ESTATALES regularización de tu perfilde títulos de propiedad, inscripciones de actas de los ejidos, verificación de títulos de propiedad, temas del banco del bienestar, atención del aeropuerto de Tulum, tres Maya, MESAS AGRARIAS ESTATALES","Tren maya, aeropuerto de TULUM, Banco del Bienestar, MESAS AGRARIAS ESTATALES, conflictos agrarios y carreteros","Regularización de asentamientos irregulares, MESAS AGRARIAS ESTATALES, ejecuciones de expropiaciones, Seguimiento a las asambleas del tren maya",No aplica,Están parcialmente abiertas o en horario restringido,Están abiertas y en operación continua,Están abiertas y en operación continua,No aplica,Regular,"Fácil, pronta y eficaz","Fácil, pronta y eficaz",No aplica,Atención parcial,Atención permanente,Atención permanente,No aplica,Atención solo con cita,Atención permanente en horario de oficina,Atención permanente en horario de oficina,No aplica,Regular,Eficiente,Eficiente,No aplica,Voluntad de colaboración y coordinación,Voluntad de colaboración y coordinación,Voluntad de colaboración y coordinación,No aplica,Cobro para gestionar servicios,,,,
18/10/2021 9:33:01,Quintana Roo,Titular de la Oficina de Representación,Ernesto Pavon Gutierrez,"Oficina de Representación del Registro Agrario Nacional, Oficina de Representación de la Procuraduría Agraria, Delegación estatal del Instituto Nacional del Suelo Sustentable","Antecedentes registrales, RAJA, Mesas Agrarias, Aeropuerto Tulum, Bancos Bienestar, Tren Maya, Ordenamiento Territorial, Expropiaciones","Comité Operativo Estatal, Mesas Agrarias, Aeropuerto Tulum, Bancos Bienestar, Tren Maya, Ordenamiento Territorial, PMU.","Expropiaciones, Mesas Agrarias, Aeropuerto Tulum, Bancos Bienestar, Tren Maya",No Aplica,Están abiertas y en operación continua,Están abiertas y en operación continua,Están abiertas y en operación continua,No aplica,Aceptable,"Fácil, pronta y eficaz",Regular,No aplica,Atención permanente,Atención permanente,Atención permanente,No aplica,Atención permanente en horario de oficina,Atención permanente en horario de oficina,Atención permanente en horario de oficina,No aplica,Bueno,Eficiente,Bueno,No aplica,Voluntad de colaboración y coordinación,Voluntad de colaboración y coordinación,Voluntad de colaboración y coordinación,No aplica,Cobro para gestionar servicios,,"Cobro para la atención de trámites, Cobro para gestionar servicios",,
21/9/2021 10:33:24,San Luis Potosí,Titular de la Oficina de Representación,MARIA FERNANDA SERRANO SOTO ,"Oficina de Representación del Registro Agrario Nacional, Oficina de Representación de la Procuraduría Agraria, Delegación estatal del Instituto Nacional del Suelo Sustentable","SEGUIMIENTO DE ASUNTO DE MESAS AGRARIAS, TRABAJOS TECNICOS, TEMAS EXPROPIATORIOS, INSCRIPCION DE SENTENCIAS, TRABAJOS INFORMATIVOS ","SEGUIMIENTO DE ASUNTOS DE MESAS AGRARIAS, ASUNTOS RELACIONADOS CON LAS COLONIAS AGRICOLAS Y GANADERAS, MESAS DE TRABAJO CON ORGANIZACIONES CAMPESINAS, RESOLUCIONES EMITIDAS POR AUTORIDADES JUDICIALES. ","SEGUIMIENTO DE TEMAS DE MESAS AGRARIAS, TEMAS EXPROPIATORIOS, MESAS DE TRABAJO CON ORGANIZACIONES O INSTITUCIONES ",,Están parcialmente abiertas o en horario restringido,Están abiertas y en operación continua,Están abiertas y en operación continua,No aplica,Aceptable,Regular,Aceptable,No aplica,Atención parcial,Atención parcial,Atención parcial,No aplica,Atención solo con cita,Atención permanente en horario de oficina,Atención permanente en horario de oficina,No aplica,Bueno,Regular,Bueno,No aplica,Responsiva tras la solicitud,Reactiva tras varias solicitudes,Responsiva tras la solicitud,No aplica,,,,,RAN LE FALTA MEJOR ORGANIZACION EN SU SISTEMA DE CITAS Y ATENCION A LA CIUDADANIA 
21/9/2021 11:27:57,San Luis Potosí,Subdelegada/o Jurídico,EDGAR GARDUÑO SAAVEDRA ,"Oficina de Representación del Registro Agrario Nacional, Oficina de Representación de la Procuraduría Agraria, Delegación estatal del Instituto Nacional del Suelo Sustentable",Todo aquello que tenga que ver con la tenencia de la tierra y la certeza juridica sobre esta,"Todo aquello que tenga que ver con la procuración, vigilancia y proteccion de los derechos de avecindados, ejiadarios, posesionarios y cualquier sujeto agrario ",La regularización de asentamientos irregulares ,,Cierran frecuentemente,Están parcialmente abiertas o en horario restringido,Están parcialmente abiertas o en horario restringido,Están parcialmente abiertas o en horario restringido,Difícil o deficiente,Difícil o deficiente,"Fácil, pronta y eficaz","Fácil, pronta y eficaz",No dan atención,Atención parcial,Atención permanente,Atención permanente,No dan atención,Atención en días y horarios limitados,Atención permanente en horario de oficina,Atención permanente en horario de oficina,Deficiente,Regular,Eficiente,Eficiente,Deficiente e informal,Deficiente e informal,Voluntad de colaboración y coordinación,Voluntad de colaboración y coordinación,"Uso de intermediarios para la atención de trámites, Observación de influyentismo o usuarios preferentes",,,,"falta de sensibilidad en el trato con los campesinos, los tratan muy mal poca gente capaz de explicarle como es el tramite de agendar una cita, los dejan esperar muchisimo tiempo y es gente mayor la que normalmente acude "
14/10/2021 16:42:38,San Luis Potosí,Titular de la Oficina de Representación,MARIA FERNANDA SERRANO SOTO ,"Oficina de Representación del Registro Agrario Nacional, Oficina de Representación de la Procuraduría Agraria, Delegación estatal del Instituto Nacional del Suelo Sustentable","ASUNTOS DE MESA AGRARIA, TRABAJOS TECNICOS, SENTENCIAS DEL TRIBUNAL, ATENCION A LA CIUDADANIA, EXPROPIACIONES, INSCRIPCIONES DE TEMAS CON COLONIAS AGRICOLAS ","ASUNTOS DE MESA AGRARIA, SENTENCIAS DEL TRIBUNAL, ATENCION A LA CIUDADANIA, ASAMBLEAS CON COLONIAS AGRICOLAS, TEMAS PRIORITARIOS, COSOMER, MESAS DE TRABAJA CON ORGANIZACIONES ","ACUERDOS DE MESAS AGRARIAS, ATENCION CIUDADANA, EXPROPIACIONES ",NO APLICA,Están parcialmente abiertas o en horario restringido,Están abiertas y en operación continua,Están abiertas y en operación continua,No aplica,Regular,Regular,Aceptable,,Atención parcial,Atención parcial,Atención permanente,,Atención solo con cita,Atención en días y horarios limitados,Atención permanente en horario de oficina,No aplica,Regular,Regular,Bueno,No aplica,Responsiva tras la solicitud,Reactiva tras varias solicitudes,Responsiva tras la solicitud,No aplica,,,,,"NO TENEMOS CONOCIMIENOT DE VICIOS DE LAS OR HASTA EL MOMENTO, SIN EMBARGO, DEL RAN Y PA SI TENEMOS RECLAMOS DE LA CIUDADANIA DE FALTA DE ATENCIÓN PRONTA, Y FALTA DE EMPATIA Y ACTITUD DE SERVICIO FRENTE A LA CIUDADANIA QUE VIENE A BUSCARLOS"
21/9/2021 20:35:11,Sinaloa,Titular de la Oficina de Representación,Jesus del carmen quiroz ramirez,"Oficina de Representación del Registro Agrario Nacional, Oficina de Representación de la Procuraduría Agraria, Delegación estatal del Instituto Nacional del Suelo Sustentable","Sobre titulacion, mediciones, gestiones en mesas agrarias","Mesas agrarias asistencia a COE, programa rajja gestiones ",Mesas agrarias expropiaciones asuntos sobre regularizacion,No aplica,Están abiertas y en operación continua,Están abiertas y en operación continua,Están abiertas y en operación continua,Están abiertas y en operación continua,"Fácil, pronta y eficaz","Fácil, pronta y eficaz","Fácil, pronta y eficaz",,Atención permanente,Atención permanente,Atención permanente,,Atención permanente en horario de oficina,Atención permanente en horario de oficina,Atención permanente en horario de oficina,,Eficiente,Eficiente,Eficiente,,Voluntad de colaboración y coordinación,Voluntad de colaboración y coordinación,Voluntad de colaboración y coordinación,,,,,,Hasta hoy ningúna
18/10/2021 15:25:02,Sinaloa,Titular de la Oficina de Representación,Jesús del Carmen Quiroz Ramírez,"Oficina de Representación del Registro Agrario Nacional, Oficina de Representación de la Procuraduría Agraria, Delegación estatal del Instituto Nacional del Suelo Sustentable","mesas agrarias, solicitud de peritos en algunos juicios, temas sobre asuntos de ejidatarios sobre conflictos de mediciones entre otors","mesas agrarias, temas del programa rraja, solución de conflictos con ejidatarios, concoe",mesas agrarias y asuntos sobre regularización,no aplica,Están abiertas y en operación continua,Están abiertas y en operación continua,Están abiertas y en operación continua,No aplica,"Fácil, pronta y eficaz","Fácil, pronta y eficaz","Fácil, pronta y eficaz",,Atención parcial,Atención parcial,No aplica,No aplica,Atención permanente en horario de oficina,Atención permanente en horario de oficina,Atención permanente en horario de oficina,No aplica,Bueno,Bueno,Bueno,No aplica,Voluntad de colaboración y coordinación,Voluntad de colaboración y coordinación,Voluntad de colaboración y coordinación,No aplica,"Uso de intermediarios para la atención de trámites, Cobro para la atención de trámites",Uso de intermediarios para la agenda de citas,,,"se advierte que en el RAN, atienden por citas, y quienes van sin cita se les atiende pero si está muy saturado y tarda mucho, se sabe que los trámites tardan mucho, y según hay personas que se ofrecen a realizar el trámite por algún costo no supieron decir si son o no propios del RAN  "
21/9/2021 15:00:37,Sonora,Titular de la Oficina de Representación,Irán Roberto Robles Esquivel,"Oficina de Representación del Registro Agrario Nacional, Oficina de Representación de la Procuraduría Agraria, Delegación estatal del Instituto Nacional del Suelo Sustentable",Mesa agraria mensual y asuntos de su competencia que llegan a OR de SEDATU,Mesa agraria mensual y asuntos de su competencia que llegan a OR de SEDATU,Mesa agraria mensual y asuntos de su competencia que llegan a OR de SEDATU,"Asuntos de su competencia que llegan a OR de SEDATU, beneficiarios y solicitudes de programas de vivienda",Cierran frecuentemente,Están parcialmente abiertas o en horario restringido,Están abiertas y en operación continua,No aplica,"Fácil, pronta y eficaz","Fácil, pronta y eficaz","Fácil, pronta y eficaz",No aplica,No dan atención,Atención permanente,Atención permanente,No aplica,Atención solo con cita,Atención permanente en horario de oficina,Atención permanente en horario de oficina,No aplica,Deficiente,Bueno,Bueno,No aplica,Responsiva tras la solicitud,Responsiva tras la solicitud,Responsiva tras la solicitud,No aplica,,,,,"
Atención tardada y deficiente en el RAN"
19/10/2021 7:06:21,Sonora,Titular de la Oficina de Representación,Irán Roberto Robles Esquivel,"Oficina de Representación del Registro Agrario Nacional, Oficina de Representación de la Procuraduría Agraria, Delegación estatal del Instituto Nacional del Suelo Sustentable","Plan de Justicia para el Pueblo Yaqui, Mesa Agraria y otros","Plan de Justicia para el Pueblo Yaqui, Mesa Agraria y otros",Mesa Agraria y Otros,,Están parcialmente abiertas o en horario restringido,Están parcialmente abiertas o en horario restringido,Están abiertas y en operación continua,No aplica,"Fácil, pronta y eficaz","Fácil, pronta y eficaz","Fácil, pronta y eficaz",No aplica,Atención parcial,Atención permanente,Atención permanente,No aplica,Atención en días y horarios limitados,Atención en días y horarios limitados,Atención permanente en horario de oficina,No aplica,Deficiente,Bueno,Bueno,No aplica,Responsiva tras la solicitud,Voluntad de colaboración y coordinación,Voluntad de colaboración y coordinación,No aplica,"Uso de intermediarios para la agenda de citas, Uso de intermediarios para la atención de trámites",,,,Atención deficiente y rezago considerable de trabajo en RAN
21/9/2021 15:08:11,Tabasco,Titular de la Oficina de Representación,María Cecilia Ramírez Cano,"Oficina de Representación del Registro Agrario Nacional, Oficina de Representación de la Procuraduría Agraria, Delegación estatal del Instituto Nacional del Suelo Sustentable","Banco de Bienestar, acompañamiento a ejidos, Mesa Agraria, Expropiaciones, Terrenos Nacionales.","Banco de Bienestar, acompañamiento a ejidos, Mesa Agraria, Expropiaciones, Terrenos Nacionales.","Banco de Bienestar, acompañamiento a ejidos, Mesa Agraria, Terrenos Nacionales.",No hay OR de la CONAVI en la entidad.,Están parcialmente abiertas o en horario restringido,Están abiertas y en operación continua,Están abiertas y en operación continua,No aplica,"Fácil, pronta y eficaz",Aceptable,"Fácil, pronta y eficaz",No aplica,Atención permanente,Atención permanente,Atención permanente,No aplica,Atención solo con cita,Atención en días y horarios limitados,Atención permanente en horario de oficina,No aplica,Eficiente,Eficiente,Eficiente,Eficiente,Voluntad de colaboración y coordinación,Responsiva tras la solicitud,Voluntad de colaboración y coordinación,No aplica,,,,,
18/10/2021 17:30:10,Tabasco,Titular de la Oficina de Representación,María Cecilia Ramírez Cano,"Oficina de Representación del Registro Agrario Nacional, Oficina de Representación de la Procuraduría Agraria, Delegación estatal del Instituto Nacional del Suelo Sustentable","Solicitudes de información, apoyo a sujetos agrarios, Banco de Bienestar, Mesa Agraria, COSOMER.","Solicitudes de información, apoyo a sujetos agrarios, Banco de Bienestar, Mesa Agraria, COSOMER.","Solicitudes de información, Banco de Bienestar, Mesa Agraria.",,Están abiertas y en operación continua,Están abiertas y en operación continua,Están abiertas y en operación continua,No aplica,"Fácil, pronta y eficaz",Aceptable,"Fácil, pronta y eficaz",No aplica,Atención permanente,Atención permanente,Atención permanente,No aplica,Atención en días y horarios limitados,Atención permanente en horario de oficina,Atención permanente en horario de oficina,No aplica,Eficiente,Eficiente,Eficiente,No aplica,Responsiva tras la solicitud,Responsiva tras la solicitud,Responsiva tras la solicitud,No aplica,,,,,
20/9/2021 17:11:31,Tamaulipas,Subdelegada/o de Desarrollo Urbano,Donaciano de la Cruz Becerra,"Oficina de Representación del Registro Agrario Nacional, Oficina de Representación de la Procuraduría Agraria, Delegación estatal del Instituto Nacional del Suelo Sustentable","Bancos del bienestar, NCPE, Dotación, Brigadas de medición, Sociedades de Solidaridad Social","Bancos del bienestar, Sociedades de Solidaridad Social","Bancos del Bienestar, Escrituración de predios",N/A,Están parcialmente abiertas o en horario restringido,Están parcialmente abiertas o en horario restringido,Están abiertas y en operación continua,Cierran frecuentemente,Aceptable,Aceptable,"Fácil, pronta y eficaz",Difícil o deficiente,Atención parcial,Atención parcial,Atención permanente,No dan atención,Atención solo con cita,Atención en días y horarios limitados,Atención permanente en horario de oficina,No dan atención,Eficiente,Eficiente,Eficiente,Deficiente,Voluntad de colaboración y coordinación,Voluntad de colaboración y coordinación,Voluntad de colaboración y coordinación,Deficiente e informal,,,,,
15/10/2021 12:34:39,Tamaulipas,Titular de la Oficina de Representación,Luis Armando Cortázar Domínguez,"Oficina de Representación del Registro Agrario Nacional, Oficina de Representación de la Procuraduría Agraria, Delegación estatal del Instituto Nacional del Suelo Sustentable","NCPE, AMPLIACIONES, DOTACIONES, TRABAJOS TECNICOS, BANCOS DEL BIENESTAR, MESA AGRARIA","Juicios, mesa Agraria, bancos del bienestar, compartir información","Bancos del bienestar, PMU 2019",N/A,Están parcialmente abiertas o en horario restringido,Están abiertas y en operación continua,Están abiertas y en operación continua,No aplica,Aceptable,"Fácil, pronta y eficaz","Fácil, pronta y eficaz",Difícil o deficiente,Atención permanente,Atención permanente,Atención permanente,No dan atención,Atención en días y horarios limitados,Atención en días y horarios limitados,Atención en días y horarios limitados,No dan atención,Bueno,Eficiente,Eficiente,Deficiente,Voluntad de colaboración y coordinación,Voluntad de colaboración y coordinación,Voluntad de colaboración y coordinación,Deficiente e informal,,,,,Con la CONAVO no se tiene relación
20/9/2021 17:43:48,Tlaxcala,Titular de la Oficina de Representación,EDGAR RAUL MERCADO ASTORGA,"Oficina de Representación del Registro Agrario Nacional, Oficina de Representación de la Procuraduría Agraria, Delegación estatal del Instituto Nacional del Suelo Sustentable","MESA AGRARIA, COMITE OPERATIVO ESTATAL, BANCOS DE BIENESTAR, ENTRE OTROS","MESA AGRARIA, COMITE OPERATIVO ESTATAL ENTRE OTROS, BANCOS DE BIENESTAR Y ","MESA AGRARIA, COMITE OPERATIVO ESTATAL, BANCOS DE BIENESTAR, ENTRE OTROS",NINGUNO,Están abiertas y en operación continua,Están abiertas y en operación continua,Están abiertas y en operación continua,No aplica,"Fácil, pronta y eficaz","Fácil, pronta y eficaz","Fácil, pronta y eficaz",No aplica,Atención permanente,Atención permanente,Atención permanente,No aplica,Atención solo con cita,Atención permanente en horario de oficina,Atención permanente en horario de oficina,No aplica,Eficiente,Eficiente,Eficiente,No aplica,Voluntad de colaboración y coordinación,Voluntad de colaboración y coordinación,Responsiva tras la solicitud,No aplica,,,,,
18/10/2021 11:27:41,Tlaxcala,Titular de la Oficina de Representación,Edgar Raúl Mercado Astorga,"Oficina de Representación del Registro Agrario Nacional, Oficina de Representación de la Procuraduría Agraria, Delegación estatal del Instituto Nacional del Suelo Sustentable",Lo referente a los temas que tenemos en mesa y acompañamiento en entrega de títulos agrarios y depósitos de lista de sucesión ,Referente a bancos de bienestar y lo referente a la mesa agraria,Los referentes a los temas de la mesa agraria. ,De momento no se tienen asuntos de manera conjunta,Están parcialmente abiertas o en horario restringido,Están parcialmente abiertas o en horario restringido,Están abiertas y en operación continua,No aplica,"Fácil, pronta y eficaz","Fácil, pronta y eficaz","Fácil, pronta y eficaz",No aplica,Atención permanente,Atención permanente,Atención permanente,No aplica,Atención en días y horarios limitados,Atención en días y horarios limitados,Atención permanente en horario de oficina,No aplica,Eficiente,Eficiente,Eficiente,,Voluntad de colaboración y coordinación,Voluntad de colaboración y coordinación,Voluntad de colaboración y coordinación,No aplica,,,,,No tengo conocimiento de algún tipo de vicios.
17/10/2021 21:47:12,Veracruz,Subdelegada/o de Desarrollo Urbano,Rafael Pérez Cárdenas,"Oficina de Representación del Registro Agrario Nacional, Oficina de Representación de la Procuraduría Agraria, Delegación estatal del Instituto Nacional del Suelo Sustentable",Mesa agraria,Mesa agraria,Mesa agraria,,Están parcialmente abiertas o en horario restringido,Están parcialmente abiertas o en horario restringido,Están parcialmente abiertas o en horario restringido,Están parcialmente abiertas o en horario restringido,"Fácil, pronta y eficaz","Fácil, pronta y eficaz","Fácil, pronta y eficaz",,Atención permanente,Atención permanente,Atención permanente,,Atención en días y horarios limitados,Atención en días y horarios limitados,Atención en días y horarios limitados,,Bueno,Bueno,Bueno,,Voluntad de colaboración y coordinación,Voluntad de colaboración y coordinación,Voluntad de colaboración y coordinación,,,,,,Hace falta mayor información sobre los horarios de atención al público
21/9/2021 12:31:20,Yucatán,Titular de la Oficina de Representación,Javier Flores Soria,"Oficina de Representación del Registro Agrario Nacional, Oficina de Representación de la Procuraduría Agraria, Delegación estatal del Instituto Nacional del Suelo Sustentable",Solicitud de terrenos nacionales. Solicitud de los municipios para saber si determinado inmueble es o no terreno nacional.,Juicios agrarios,Programa para Regularizar Asentamientos Humanos y vertiente de Regularización y Certeza Jurídica del Programa de Mejoramiento Urbano,,Están abiertas y en operación continua,Están abiertas y en operación continua,Están abiertas y en operación continua,Están parcialmente abiertas o en horario restringido,"Fácil, pronta y eficaz","Fácil, pronta y eficaz","Fácil, pronta y eficaz",Aceptable,Atención permanente,Atención permanente,Atención permanente,Atención parcial,Atención permanente en horario de oficina,Atención permanente en horario de oficina,Atención permanente en horario de oficina,Atención en días y horarios limitados,Eficiente,Eficiente,Eficiente,Bueno,Voluntad de colaboración y coordinación,Voluntad de colaboración y coordinación,Voluntad de colaboración y coordinación,Responsiva tras la solicitud,,,,,Ninguna
15/10/2021 15:06:07,Yucatán,Titular de la Oficina de Representación,Javier Flores Soria,"Oficina de Representación del Registro Agrario Nacional, Oficina de Representación de la Procuraduría Agraria, Delegación estatal del Instituto Nacional del Suelo Sustentable",Consultar los registros agrarios respecto a peticiones de ciudadanía acerca de certeza jurídica de sus inmuebles,Participación en juicios agrarios. Participación en las asambleas ejidales. Reuniones de trabajo interinstitucional,Certeza de los inmuebles que son solicitados por particulares o por municipios para conocer su origen y su situación jurídica,Por el momento ni guna,Están abiertas y en operación continua,Están abiertas y en operación continua,Están abiertas y en operación continua,Están parcialmente abiertas o en horario restringido,"Fácil, pronta y eficaz","Fácil, pronta y eficaz","Fácil, pronta y eficaz","Fácil, pronta y eficaz",Atención permanente,Atención permanente,Atención permanente,Atención parcial,Atención permanente en horario de oficina,Atención permanente en horario de oficina,Atención permanente en horario de oficina,Atención permanente en horario de oficina,Eficiente,Eficiente,Eficiente,Eficiente,Voluntad de colaboración y coordinación,Voluntad de colaboración y coordinación,Voluntad de colaboración y coordinación,Responsiva tras la solicitud,,,,,LA COMUNICACIÓN INTERINSTITUCIONAL CON LAS DEPENDENCIAS DEL RAMO ES INIGUALABLE. TENEMOS COMUNICACIÓN ABIERTA Y ENTENDIMIENTO TOTAL DE LOS ASUNTOS QUE SE LLEVAN A CABO POR EL SECTOR INCLUYENDO EL TREN MAYA
21/9/2021 18:09:34,Zacatecas,Titular de la Oficina de Representación,MARIA DE LA LUZ DORADO AVILA ,"Oficina de Representación del Registro Agrario Nacional, Oficina de Representación de la Procuraduría Agraria, Delegación estatal del Instituto Nacional del Suelo Sustentable","TRABAJOS TECNICOS PENDIENTES PARA DARLE SEGUIMIENTO A EXPEDIENTES DE EXPROPIACION, TERRENOS NACIONALES Y SEGUIMIENTO A CONFLICTOS AGRARIOS",COADYUVAR CON LA ATENCION A LOS SUJETOS AGRARIOS QUE SOLICITAN Y/O REQUIEREN ASESORIA ASI COMO TAMBIEN SEGUIMIENTO A LOS CONFLICTOS AGRARIOS ,REGULARIZACION  DE PREDIOS URBANOS ,,Están parcialmente abiertas o en horario restringido,Están abiertas y en operación continua,Están parcialmente abiertas o en horario restringido,No aplica,Aceptable,Aceptable,Regular,No aplica,Atención parcial,Atención permanente,Atención parcial,No aplica,Atención solo con cita,Atención permanente en horario de oficina,Atención en días y horarios limitados,No aplica,Regular,Bueno,Regular,No aplica,Responsiva tras la solicitud,Responsiva tras la solicitud,Responsiva tras la solicitud,No aplica,"Uso de intermediarios para la agenda de citas, Uso de intermediarios para la atención de trámites",,"Uso de intermediarios para la agenda de citas, Uso de intermediarios para la atención de trámites",,EL REGISTRO AGRARIO NACIONAL TIENE REZAGO DE TRAMITES Y SE AJUSTA UNICAMENTE A LAS CITAS DEPENDIENDO DEL SEMAFORO EPIDEMIOLOGICO Y ESO OCACIONA MAS RETRASO EN TRAMITES E INCONFORMIDADES DE LOS SUJETOS AGRARIOS 
18/10/2021 12:01:40,Zacatecas,Titular de la Oficina de Representación,Maria de la Luz Dorado Avila,"Oficina de Representación del Registro Agrario Nacional, Oficina de Representación de la Procuraduría Agraria, Delegación estatal del Instituto Nacional del Suelo Sustentable","Solicitudes de trabajos tecnicos, seguimiento de conflictos, mesa agraria,inscripciones de actas de eleccion de los consejos de administracion,participa en la entrega de documentos a sujetos agrarios dentro del programa RAJA para dar certeza juridica a los sujetos agrarios ","seguimientop de asuntos que se llevan acabo en las mesas agrarias, bancos del bienestar, colaboracion con la asesoria a las colonias agricolas y ganaderas para sus reglamentos y actas de eleccion, colaboracion en la busqueda de predios y regularizacion de los mismos para la Guardia Nacional",participacion en asuntos de Mesa Agraria; Regularizacion de solares adquiridos mediante expropiación ,no aplica,Están parcialmente abiertas o en horario restringido,Están abiertas y en operación continua,Están parcialmente abiertas o en horario restringido,No aplica,Aceptable,Aceptable,Regular,No aplica,Atención parcial,Atención permanente,Atención parcial,No aplica,Atención solo con cita,Atención permanente en horario de oficina,Atención en días y horarios limitados,No aplica,Regular,Bueno,Regular,No aplica,Reactiva tras varias solicitudes,Responsiva tras la solicitud,Responsiva tras la solicitud,No aplica,Uso de intermediarios para la agenda de citas,,,,el RAN  tiene retraso en los tramites que realiza con tiempos considerables en la entrega de las solicitudes que reciben 
19/10/2021 13:44:01,Guerrero,Subdelegada/o Jurídico,Lilia eneidy castro ramos ,"Oficina de Representación del Registro Agrario Nacional, Oficina de Representación de la Procuraduría Agraria, Delegación estatal del Instituto Nacional del Suelo Sustentable","Certificados agrarios, trabajos técnicos, trámites testamentarios, inventario agrario, verificación de padrones ","Atención a los ejidos,  con sus conflictos y resoluciones de demandas ante el tribunal ",Atención a conflictos agrarios ,Ninguno ,Están abiertas y en operación continua,Están abiertas y en operación continua,Están abiertas y en operación continua,No aplica,Regular,Aceptable,"Fácil, pronta y eficaz",No aplica,Atención parcial,Atención parcial,Atención permanente,No aplica,Atención en días y horarios limitados,Atención en días y horarios limitados,Atención permanente en horario de oficina,No aplica,Regular,Bueno,Eficiente,No aplica,Voluntad de colaboración y coordinación,Voluntad de colaboración y coordinación,Voluntad de colaboración y coordinación,No aplica,"Uso de intermediarios para la atención de trámites, Cobro para la atención de trámites",Uso de intermediarios para la atención de trámites,Uso de intermediarios para la agenda de citas,,"Solo algunos ejidos  han echo un ápice que en el Ran no te atiende adecuadamente, y que para agilizar trámites hacer cobros. "